<?xml version="1.0" encoding="UTF-8"?>
<bpmn2:definitions xmlns:xsi="http://www.w3.org/2001/XMLSchema-instance" xmlns:bpmn2="http://www.omg.org/spec/BPMN/20100524/MODEL" xmlns:bpmndi="http://www.omg.org/spec/BPMN/20100524/DI" xmlns:dc="http://www.omg.org/spec/DD/20100524/DC" xmlns:di="http://www.omg.org/spec/DD/20100524/DI" xmlns:activiti="http://activiti.org/bpmn" id="sample-diagram" targetNamespace="http://bpmn.io/schema/bpmn" xsi:schemaLocation="http://www.omg.org/spec/BPMN/20100524/MODEL BPMN20.xsd">
  <bpmn2:process id="SingleTaskProcessUserCandidates" name="single-task-process-user-candidates" isExecutable="true">
    <bpmn2:startEvent id="StartEvent_1">
      <bpmn2:outgoing>SequenceFlow_0vfuqzz</bpmn2:outgoing>
    </bpmn2:startEvent>
    <bpmn2:sequenceFlow id="SequenceFlow_0vfuqzz" sourceRef="StartEvent_1" targetRef="Task_1869ft4" />
    <bpmn2:endEvent id="EndEvent_1pxgthp">
      <bpmn2:incoming>SequenceFlow_1tljgh6</bpmn2:incoming>
    </bpmn2:endEvent>
    <bpmn2:sequenceFlow id="SequenceFlow_1tljgh6" sourceRef="Task_1869ft4" targetRef="EndEvent_1pxgthp" />
    <bpmn2:userTask id="Task_1869ft4" name="my-task" activiti:candidateUsers="testuser,hruser">
      <bpmn2:incoming>SequenceFlow_0vfuqzz</bpmn2:incoming>
      <bpmn2:outgoing>SequenceFlow_1tljgh6</bpmn2:outgoing>
    </bpmn2:userTask>
  </bpmn2:process>
  <bpmndi:BPMNDiagram id="BPMNDiagram_1">
    <bpmndi:BPMNPlane id="BPMNPlane_1" bpmnElement="SingleTaskProcessUserCandidates">
      <bpmndi:BPMNShape id="_BPMNShape_StartEvent_2" bpmnElement="StartEvent_1">
        <dc:Bounds x="412" y="240" width="36" height="36" />
      </bpmndi:BPMNShape>
      <bpmndi:BPMNEdge id="SequenceFlow_0vfuqzz_di" bpmnElement="SequenceFlow_0vfuqzz">
        <di:waypoint x="448" y="258" />
        <di:waypoint x="498" y="258" />
        <bpmndi:BPMNLabel>
          <dc:Bounds x="428" y="236.5" width="90" height="13" />
        </bpmndi:BPMNLabel>
      </bpmndi:BPMNEdge>
      <bpmndi:BPMNShape id="EndEvent_1pxgthp_di" bpmnElement="EndEvent_1pxgthp">
        <dc:Bounds x="648" y="240" width="36" height="36" />
        <bpmndi:BPMNLabel>
          <dc:Bounds x="666" y="279" width="0" height="13" />
        </bpmndi:BPMNLabel>
      </bpmndi:BPMNShape>
      <bpmndi:BPMNEdge id="SequenceFlow_1tljgh6_di" bpmnElement="SequenceFlow_1tljgh6">
        <di:waypoint x="598" y="258" />
        <di:waypoint x="648" y="258" />
        <bpmndi:BPMNLabel>
          <dc:Bounds x="578" y="236.5" width="90" height="13" />
        </bpmndi:BPMNLabel>
      </bpmndi:BPMNEdge>
      <bpmndi:BPMNShape id="UserTask_10jd59k_di" bpmnElement="Task_1869ft4">
        <dc:Bounds x="498" y="218" width="100" height="80" />
      </bpmndi:BPMNShape>
    </bpmndi:BPMNPlane>
  </bpmndi:BPMNDiagram>
</bpmn2:definitions>
