<?xml version="1.0" encoding="UTF-8"?>
<bpmn2:definitions xmlns:xsi="http://www.w3.org/2001/XMLSchema-instance" xmlns:bpmn2="http://www.omg.org/spec/BPMN/20100524/MODEL" xmlns:bpmndi="http://www.omg.org/spec/BPMN/20100524/DI" xmlns:dc="http://www.omg.org/spec/DD/20100524/DC" xmlns:di="http://www.omg.org/spec/DD/20100524/DI" xmlns:activiti="http://activiti.org/bpmn" id="sample-diagram" targetNamespace="http://bpmn.io/schema/bpmn" xsi:schemaLocation="http://www.omg.org/spec/BPMN/20100524/MODEL BPMN20.xsd">
  <bpmn2:process id="singletask-09db9b8e-856d-40c0-ba79-24f634ee1246" name="SingleTaskProcess" isExecutable="true">
    <bpmn2:documentation />
    <bpmn2:startEvent id="StartEvent_1">
      <bpmn2:outgoing>SequenceFlow_1qg62lr</bpmn2:outgoing>
    </bpmn2:startEvent>
    <bpmn2:sequenceFlow id="SequenceFlow_1qg62lr" sourceRef="StartEvent_1" targetRef="Task_08eerge" />
    <bpmn2:userTask id="Task_08eerge" name="my-task" activiti:assignee="testuser">
      <bpmn2:incoming>SequenceFlow_1qg62lr</bpmn2:incoming>
      <bpmn2:outgoing>SequenceFlow_1jynd1e</bpmn2:outgoing>
    </bpmn2:userTask>
    <bpmn2:endEvent id="EndEvent_1s3uuln">
      <bpmn2:incoming>SequenceFlow_1jynd1e</bpmn2:incoming>
    </bpmn2:endEvent>
    <bpmn2:sequenceFlow id="SequenceFlow_1jynd1e" sourceRef="Task_08eerge" targetRef="EndEvent_1s3uuln" />
  </bpmn2:process>
  <bpmndi:BPMNDiagram id="BPMNDiagram_1">
    <bpmndi:BPMNPlane id="BPMNPlane_1" bpmnElement="singletask-09db9b8e-856d-40c0-ba79-24f634ee1246">
      <bpmndi:BPMNShape id="_BPMNShape_StartEvent_2" bpmnElement="StartEvent_1">
        <dc:Bounds x="412" y="240" width="36" height="36" />
      </bpmndi:BPMNShape>
      <bpmndi:BPMNEdge id="SequenceFlow_1qg62lr_di" bpmnElement="SequenceFlow_1qg62lr">
        <di:waypoint x="448" y="258" />
        <di:waypoint x="498" y="258" />
        <bpmndi:BPMNLabel>
          <dc:Bounds x="473" y="236.5" width="0" height="13" />
        </bpmndi:BPMNLabel>
      </bpmndi:BPMNEdge>
      <bpmndi:BPMNShape id="UserTask_08s10cc_di" bpmnElement="Task_08eerge">
        <dc:Bounds x="498" y="218" width="100" height="80" />
      </bpmndi:BPMNShape>
      <bpmndi:BPMNShape id="EndEvent_1s3uuln_di" bpmnElement="EndEvent_1s3uuln">
        <dc:Bounds x="648" y="240" width="36" height="36" />
        <bpmndi:BPMNLabel>
          <dc:Bounds x="666" y="279" width="0" height="13" />
        </bpmndi:BPMNLabel>
      </bpmndi:BPMNShape>
      <bpmndi:BPMNEdge id="SequenceFlow_1jynd1e_di" bpmnElement="SequenceFlow_1jynd1e">
        <di:waypoint x="598" y="258" />
        <di:waypoint x="648" y="258" />
        <bpmndi:BPMNLabel>
          <dc:Bounds x="623" y="236" width="0" height="13" />
        </bpmndi:BPMNLabel>
      </bpmndi:BPMNEdge>
    </bpmndi:BPMNPlane>
  </bpmndi:BPMNDiagram>
</bpmn2:definitions>
