<?xml version='1.0' encoding='UTF-8'?>
<definitions xmlns="http://www.omg.org/spec/BPMN/20100524/MODEL" xmlns:xsi="http://www.w3.org/2001/XMLSchema-instance" xmlns:xsd="http://www.w3.org/2001/XMLSchema" xmlns:activiti="http://activiti.org/bpmn" xmlns:bpmndi="http://www.omg.org/spec/BPMN/20100524/DI" xmlns:omgdc="http://www.omg.org/spec/DD/20100524/DC" xmlns:omgdi="http://www.omg.org/spec/DD/20100524/DI" typeLanguage="http://www.w3.org/2001/XMLSchema" expressionLanguage="http://www.w3.org/1999/XPath" targetNamespace="http://www.activiti.org/processdef" xmlns:modeler="http://activiti.com/modeler" modeler:version="1.0en" modeler:exportDateTime="20170630121657099" modeler:modelId="31031" modeler:modelVersion="1" modeler:modelLastUpdated="1498821235111">
  <process id="ProcessWithVariables" name="Process with variables" isExecutable="true">
    <extensionElements>
      <modeler:executionvariables xmlns:modeler="http://activiti.com/modeler" modeler:variableName="firstName" modeler:variableType="string"/>
      <modeler:executionvariables xmlns:modeler="http://activiti.com/modeler" modeler:variableName="lastName" modeler:variableType="string"/>
      <modeler:executionvariables xmlns:modeler="http://activiti.com/modeler" modeler:variableName="age" modeler:variableType="integer"/>
    </extensionElements>
    <startEvent id="startEvent1">
      <extensionElements>
        <modeler:editor-resource-id><![CDATA[startEvent1]]></modeler:editor-resource-id>
      </extensionElements>
    </startEvent>
    <userTask id="sid-0D7E3266-5452-4890-8326-E18EA5DD4A96" name="Perform action" activiti:candidateGroups="hr,testgroup">
      <extensionElements>
        <modeler:allow-send-email><![CDATA[true]]></modeler:allow-send-email>
        <modeler:initiator-can-complete><![CDATA[false]]></modeler:initiator-can-complete>
        <modeler:editor-resource-id><![CDATA[sid-0D7E3266-5452-4890-8326-E18EA5DD4A96]]></modeler:editor-resource-id>
      </extensionElements>
    </userTask>
    <sequenceFlow id="sid-D1DB4AC7-AEB0-4872-BCD7-EE7D762D3997" sourceRef="startEvent1" targetRef="sid-0D7E3266-5452-4890-8326-E18EA5DD4A96">
      <extensionElements>
        <modeler:editor-resource-id><![CDATA[sid-D1DB4AC7-AEB0-4872-BCD7-EE7D762D3997]]></modeler:editor-resource-id>
      </extensionElements>
    </sequenceFlow>
    <endEvent id="sid-10D5E166-7AA0-4F99-AD10-08B954A35B46">
      <extensionElements>
        <modeler:editor-resource-id><![CDATA[sid-10D5E166-7AA0-4F99-AD10-08B954A35B46]]></modeler:editor-resource-id>
      </extensionElements>
    </endEvent>
    <sequenceFlow id="sid-8E0F9515-1AA0-4510-BD6A-A5323D4AC99F" sourceRef="sid-0D7E3266-5452-4890-8326-E18EA5DD4A96" targetRef="sid-10D5E166-7AA0-4F99-AD10-08B954A35B46">
      <extensionElements>
        <modeler:editor-resource-id><![CDATA[sid-8E0F9515-1AA0-4510-BD6A-A5323D4AC99F]]></modeler:editor-resource-id>
      </extensionElements>
    </sequenceFlow>
  </process>
  <bpmndi:BPMNDiagram id="BPMNDiagram_ProcessWithVariables">
    <bpmndi:BPMNPlane bpmnElement="ProcessWithVariables" id="BPMNPlane_ProcessWithVariables">
      <bpmndi:BPMNShape bpmnElement="startEvent1" id="BPMNShape_startEvent1">
        <omgdc:Bounds height="30.0" width="30.0" x="100.0" y="163.0"/>
      </bpmndi:BPMNShape>
      <bpmndi:BPMNShape bpmnElement="sid-0D7E3266-5452-4890-8326-E18EA5DD4A96" id="BPMNShape_sid-0D7E3266-5452-4890-8326-E18EA5DD4A96">
        <omgdc:Bounds height="80.0" width="100.0" x="210.0" y="138.0"/>
      </bpmndi:BPMNShape>
      <bpmndi:BPMNShape bpmnElement="sid-10D5E166-7AA0-4F99-AD10-08B954A35B46" id="BPMNShape_sid-10D5E166-7AA0-4F99-AD10-08B954A35B46">
        <omgdc:Bounds height="28.0" width="28.0" x="375.0" y="164.0"/>
      </bpmndi:BPMNShape>
      <bpmndi:BPMNEdge bpmnElement="sid-D1DB4AC7-AEB0-4872-BCD7-EE7D762D3997" id="BPMNEdge_sid-D1DB4AC7-AEB0-4872-BCD7-EE7D762D3997">
        <omgdi:waypoint x="130.0" y="178.0"/>
        <omgdi:waypoint x="210.0" y="178.0"/>
      </bpmndi:BPMNEdge>
      <bpmndi:BPMNEdge bpmnElement="sid-8E0F9515-1AA0-4510-BD6A-A5323D4AC99F" id="BPMNEdge_sid-8E0F9515-1AA0-4510-BD6A-A5323D4AC99F">
        <omgdi:waypoint x="310.0" y="178.0"/>
        <omgdi:waypoint x="375.0" y="178.0"/>
      </bpmndi:BPMNEdge>
    </bpmndi:BPMNPlane>
  </bpmndi:BPMNDiagram>
</definitions>